Column1;State;Year;Rape;Kidnap and assault;Dowry deaths;Assault on women;Assault on modesty;Domestic violence;Women trafficking;Population;;;;;;;;;;;
0;Andhra Pradesh;2001;871;765;420;3544;2271;5791;7;7621000;;;;;;;;;;;
1;Arunachal Pradesh;2001;33;55;0;78;3;11;0;1098000;;;;;;;;;;;
2;Assam;2001;817;1070;59;850;4;1248;0;26656000;;;;;;;;;;;
3;Bihar;2001;888;518;859;562;21;1558;83;82999000;;;;;;;;;;;
4;Chhattisgarh;2001;959;171;70;1763;161;840;0;20834000;;;;;;;;;;;
5;Goa;2001;12;6;2;17;7;11;0;1348000;;;;;;;;;;;
6;Gujarat;2001;286;857;67;756;111;3667;0;50671000;;;;;;;;;;;
7;Haryana;2001;398;297;285;478;401;1513;0;21145000;;;;;;;;;;;
8;Himachal Pradesh;2001;124;105;10;310;14;317;0;6078000;;;;;;;;;;;
9;Jammu & Kashmir;2001;169;504;13;622;288;50;0;10144000;;;;;;;;;;;
10;Jharkhand;2001;567;279;217;297;5;484;2;26946000;;;;;;;;;;;
11;Karnataka;2001;293;271;220;1665;81;1755;0;52851000;;;;;;;;;;;
12;Kerala;2001;562;97;27;1942;81;2561;0;31841000;;;;;;;;;;;
13;Madhya Pradesh;2001;2851;668;609;7063;751;2562;0;60348000;;;;;;;;;;;
14;Maharashtra;2001;1302;611;308;2823;1120;6090;1;96879000;;;;;;;;;;;
15;Manipur;2001;20;62;0;21;0;5;0;2294000;;;;;;;;;;;
16;Meghalaya;2001;26;11;0;25;0;4;0;2319000;;;;;;;;;;;
17;Mizoram;2001;52;1;0;52;0;16;3;889000;;;;;;;;;;;
18;Nagaland;2001;17;6;0;6;0;0;0;1990000;;;;;;;;;;;
19;Odisha;2001;790;434;294;1655;458;1266;0;36805000;;;;;;;;;;;
20;Punjab;2001;298;324;159;372;47;1128;0;24359000;;;;;;;;;;;
21;Rajasthan;2001;1049;2165;376;2878;56;5532;1;56507000;;;;;;;;;;;
22;Sikkim;2001;8;2;0;0;14;0;0;541000;;;;;;;;;;;
23;Tamil Nadu;2001;423;607;191;1773;1012;815;14;62406000;;;;;;;;;;;
24;Telangana;2001;;;;;;;;;;;;;;;;;;;
25;Tripura;2001;102;35;16;58;0;227;0;3199000;;;;;;;;;;;
26;Uttar Pradesh;2001;1958;2879;2211;2870;2575;7365;0;166198000;;;;;;;;;;;
27;Uttarakhand;2001;74;126;56;103;84;301;0;8489000;;;;;;;;;;;
28;West Bengal;2001;709;695;265;954;48;3859;3;80176000;;;;;;;;;;;
29;Andaman & Nicobar;2001;3;2;0;19;1;9;0;356000;;;;;;;;;;;
30;Chandigarh;2001;18;50;3;24;15;36;0;901000;;;;;;;;;;;
31;Dadra and Nagar Haveli and Daman and Diu;2001;6;5;0;7;0;8;0;220000;;;;;;;;;;;
32;Delhi;2001;381;964;113;502;90;138;0;13851000;;;;;;;;;;;
33;Lakshadweep;2001;0;0;0;0;0;0;0;61000;;;;;;;;;;;
34;Puducherry;2001;9;3;1;35;27;3;0;974000;;;;;;;;;;;
35;Andhra Pradesh;2002;1002;854;449;3799;2024;7018;0;76397181;;;;;;;;;;;
36;Arunachal Pradesh;2002;38;38;0;68;2;13;0;1126600;;;;;;;;;;;
37;Assam;2002;970;1276;70;984;7;1694;0;27111000;;;;;;;;;;;
38;Bihar;2002;1040;744;927;621;6;1577;38;85100090;;;;;;;;;;;
39;Chhattisgarh;2002;992;154;85;1483;147;653;0;21305100;;;;;;;;;;;
40;Goa;2002;12;5;2;18;6;8;0;1359100;;;;;;;;;;;
41;Gujarat;2002;267;807;62;750;104;3321;0;51647900;;;;;;;;;;;
42;Haryana;2002;361;290;256;454;1424;1565;0;21565600;;;;;;;;;;;
43;Himachal Pradesh;2002;137;116;6;326;12;234;0;6156700;;;;;;;;;;;
44;Jammu & Kashmir;2002;192;596;18;785;368;54;0;10383700;;;;;;;;;;;
45;Jharkhand;2002;797;178;275;411;3;588;36;27550200;;;;;;;;;;;
46;Karnataka;2002;292;300;233;1648;100;1826;0;53675400;;;;;;;;;;;
47;Kerala;2002;499;91;17;2123;102;2836;0;31997500;;;;;;;;;;;
48;Madhya Pradesh;2002;2891;639;674;7118;783;3117;0;61575900;;;;;;;;;;;
49;Maharashtra;2002;1352;650;303;2686;769;5353;0;98428500;;;;;;;;;;;
50;Manipur;2002;14;82;0;58;0;10;0;2350200;;;;;;;;;;;
51;Meghalaya;2002;38;10;0;23;0;0;0;2383800;;;;;;;;;;;
52;Mizoram;2002;76;2;0;73;0;3;0;909800;;;;;;;;;;;
53;Nagaland;2002;17;4;0;1;0;0;0;1988900;;;;;;;;;;;
54;Odisha;2002;691;432;248;1605;188;1167;0;37321900;;;;;;;;;;;
55;Punjab;2002;299;354;166;341;145;944;0;24697400;;;;;;;;;;;
56;Rajasthan;2002;1051;2019;399;2730;44;5691;0;57711100;;;;;;;;;;;
57;Sikkim;2002;6;2;0;17;0;3;0;548000;;;;;;;;;;;
58;Tamil Nadu;2002;534;714;243;1877;1718;1052;0;63380100;;;;;;;;;;;
59;Telangana;2002;;;;;;;;;;;;;;;;;;;
60;Tripura;2002;108;48;16;128;0;236;0;3246500;;;;;;;;;;;
61;Uttar Pradesh;2002;1415;2298;1893;2145;1887;5679;0;169559400;;;;;;;;;;;
62;Uttarakhand;2002;89;155;66;145;97;316;1;8648700;;;;;;;;;;;
63;West Bengal;2002;759;694;273;964;34;4069;1;81286000;;;;;;;;;;;
64;Andaman & Nicobar;2002;2;1;0;17;3;4;0;358500;;;;;;;;;;;
65;Chandigarh;2002;18;47;1;36;28;56;0;916400;;;;;;;;;;;
66;Dadra and Nagar Haveli and Daman and Diu;2002;4;7;0;3;0;6;0;232400;;;;;;;;;;;
67;Delhi;2002;403;893;135;446;128;135;0;14144700;;;;;;;;;;;
68;Lakshadweep;2002;1;0;0;1;0;0;0;61300;;;;;;;;;;;
69;Puducherry;2002;6;6;5;59;26;9;0;1001400;;;;;;;;;;;
70;Andhra Pradesh;2003;946;931;466;4128;2286;8167;5;76584362;;;;;;;;;;;
71;Arunachal Pradesh;2003;31;51;0;43;0;14;0;1155200;;;;;;;;;;;
72;Assam;2003;1095;1351;60;878;6;1808;0;27566000;;;;;;;;;;;
73;Bihar;2003;985;674;909;688;11;1880;37;87201180;;;;;;;;;;;
74;Chhattisgarh;2003;898;149;79;1481;105;601;0;21776200;;;;;;;;;;;
75;Goa;2003;31;13;2;19;7;24;0;1370200;;;;;;;;;;;
76;Gujarat;2003;236;859;54;722;92;3684;0;52624800;;;;;;;;;;;
77;Haryana;2003;353;271;222;344;1302;1618;0;21986200;;;;;;;;;;;
78;Himachal Pradesh;2003;126;96;6;250;18;221;0;6235400;;;;;;;;;;;
79;Jammu & Kashmir;2003;211;615;10;875;376;71;0;10623400;;;;;;;;;;;
80;Jharkhand;2003;712;262;262;424;2;559;0;28154400;;;;;;;;;;;
81;Karnataka;2003;321;244;194;1585;84;1704;0;54499800;;;;;;;;;;;
82;Kerala;2003;394;102;33;1947;68;2930;0;32154000;;;;;;;;;;;
83;Madhya Pradesh;2003;2738;608;648;6848;705;2938;0;62803800;;;;;;;;;;;
84;Maharashtra;2003;1268;626;368;2661;682;5452;0;99978000;;;;;;;;;;;
85;Manipur;2003;18;71;0;44;0;4;0;2406400;;;;;;;;;;;
86;Meghalaya;2003;40;10;0;13;1;4;0;2448600;;;;;;;;;;;
87;Mizoram;2003;54;2;0;88;0;3;0;930600;;;;;;;;;;;
88;Nagaland;2003;14;3;0;4;2;0;1;1987800;;;;;;;;;;;
89;Odisha;2003;725;373;279;1669;188;1289;0;37838800;;;;;;;;;;;
90;Punjab;2003;380;295;110;346;199;987;0;25035800;;;;;;;;;;;
91;Rajasthan;2003;1050;1750;389;2715;33;5733;1;58915200;;;;;;;;;;;
92;Sikkim;2003;10;0;0;25;0;1;0;555000;;;;;;;;;;;
93;Tamil Nadu;2003;557;632;220;2022;881;1555;1;64354200;;;;;;;;;;;
94;Telangana;2003;;;;;;;;;;;;;;;;;;;
95;Tripura;2003;114;29;20;127;0;247;0;3294000;;;;;;;;;;;
96;Uttar Pradesh;2003;911;1499;1322;1098;4970;2626;0;172920800;;;;;;;;;;;
97;Uttarakhand;2003;107;134;93;136;98;317;0;8808400;;;;;;;;;;;
98;West Bengal;2003;1002;801;329;1186;71;4948;1;82396000;;;;;;;;;;;
99;Andaman & Nicobar;2003;2;2;0;9;2;7;0;361000;;;;;;;;;;;
100;Chandigarh;2003;18;28;1;11;4;93;0;931800;;;;;;;;;;;
101;Dadra and Nagar Haveli and Daman and Diu;2003;6;5;1;7;0;2;0;244800;;;;;;;;;;;
102;Delhi;2003;490;797;130;489;105;1211;0;14438400;;;;;;;;;;;
103;Lakshadweep;2003;2;0;0;1;0;1;0;61600;;;;;;;;;;;
104;Puducherry;2003;2;13;1;56;27;4;0;1028800;;;;;;;;;;;
105;Andhra Pradesh;2004;1016;1030;512;3817;2310;8388;2;76771543;;;;;;;;;;;
106;Arunachal Pradesh;2004;42;41;0;61;0;4;0;1183800;;;;;;;;;;;
107;Assam;2004;1171;1552;74;883;11;1945;0;28021000;;;;;;;;;;;
108;Bihar;2004;1390;997;1029;704;13;2679;35;89302270;;;;;;;;;;;
109;Chhattisgarh;2004;969;174;71;1661;131;741;0;22247300;;;;;;;;;;;
110;Goa;2004;37;10;2;23;15;17;0;1381300;;;;;;;;;;;
111;Gujarat;2004;339;905;58;757;164;3955;0;53601700;;;;;;;;;;;
112;Haryana;2004;386;292;251;403;850;2026;0;22406800;;;;;;;;;;;
113;Himachal Pradesh;2004;153;99;8;284;16;252;0;6314100;;;;;;;;;;;
114;Jammu & Kashmir;2004;218;632;9;990;264;82;0;10863100;;;;;;;;;;;
115;Jharkhand;2004;797;178;275;411;3;588;36;28758600;;;;;;;;;;;
116;Karnataka;2004;291;286;259;1435;57;1588;0;55324200;;;;;;;;;;;
117;Kerala;2004;480;142;31;2260;133;3222;0;32310500;;;;;;;;;;;
118;Madhya Pradesh;2004;2875;584;751;6690;804;3436;0;64031700;;;;;;;;;;;
119;Maharashtra;2004;1388;787;314;2831;862;5646;0;101527500;;;;;;;;;;;
120;Manipur;2004;31;71;0;30;0;2;0;2462600;;;;;;;;;;;
121;Meghalaya;2004;54;18;2;34;0;5;0;2513400;;;;;;;;;;;
122;Mizoram;2004;20;0;0;66;0;0;0;951400;;;;;;;;;;;
123;Nagaland;2004;18;4;0;3;1;0;0;1986700;;;;;;;;;;;
124;Odisha;2004;770;423;319;1811;170;1192;0;38355700;;;;;;;;;;;
125;Punjab;2004;390;311;113;261;38;801;0;25374200;;;;;;;;;;;
126;Rajasthan;2004;1038;1881;379;2825;41;6781;1;60119300;;;;;;;;;;;
127;Sikkim;2004;3;4;0;40;0;1;0;562000;;;;;;;;;;;
128;Tamil Nadu;2004;618;692;225;1861;1081;1437;0;65328300;;;;;;;;;;;
129;Telangana;2004;;;;;;;;;;;;;;;;;;;
130;Tripura;2004;160;54;20;134;0;302;0;3341500;;;;;;;;;;;
131;Uttar Pradesh;2004;1397;2324;1708;1900;2682;4950;3;176282200;;;;;;;;;;;
132;Uttarakhand;2004;115;127;82;143;110;405;0;8968100;;;;;;;;;;;
133;West Bengal;2004;1475;1018;396;1566;64;6334;12;83506000;;;;;;;;;;;
134;Andaman & Nicobar;2004;10;3;0;6;3;5;0;363500;;;;;;;;;;;
135;Chandigarh;2004;19;43;6;20;18;73;0;947200;;;;;;;;;;;
136;Dadra and Nagar Haveli and Daman and Diu;2004;8;7;0;6;0;7;0;257200;;;;;;;;;;;
137;Delhi;2004;551;881;126;601;130;1254;0;14732100;;;;;;;;;;;
138;Lakshadweep;2004;0;0;0;0;0;1;0;61900;;;;;;;;;;;
139;Puducherry;2004;4;8;6;50;30;2;0;1056200;;;;;;;;;;;
140;Andhra Pradesh;2005;935;995;443;3595;2508;8696;3;76958724;;;;;;;;;;;
141;Arunachal Pradesh;2005;35;39;0;67;0;9;0;1212400;;;;;;;;;;;
142;Assam;2005;1238;1456;99;899;19;2206;3;28476000;;;;;;;;;;;
143;Bihar;2005;1147;929;1014;451;13;1574;74;91403360;;;;;;;;;;;
144;Chhattisgarh;2005;990;184;100;1450;132;732;0;22718400;;;;;;;;;;;
145;Goa;2005;20;12;2;30;8;11;0;1392400;;;;;;;;;;;
146;Gujarat;2005;324;916;48;802;104;4090;0;54578600;;;;;;;;;;;
147;Haryana;2005;461;344;212;380;597;2075;0;22827400;;;;;;;;;;;
148;Himachal Pradesh;2005;141;102;2;286;29;228;0;6392800;;;;;;;;;;;
149;Jammu & Kashmir;2005;201;658;5;830;371;76;0;11102800;;;;;;;;;;;
150;Jharkhand;2005;753;283;257;293;36;590;4;29362800;;;;;;;;;;;
151;Karnataka;2005;343;312;261;1585;71;1883;0;56148600;;;;;;;;;;;
152;Kerala;2005;478;129;21;2339;175;3283;0;32467000;;;;;;;;;;;
153;Madhya Pradesh;2005;2921;604;739;6426;792;2989;3;65259600;;;;;;;;;;;
154;Maharashtra;2005;1545;851;341;3228;919;6233;0;103077000;;;;;;;;;;;
155;Manipur;2005;25;69;0;25;0;20;0;2518800;;;;;;;;;;;
156;Meghalaya;2005;63;19;1;44;0;3;0;2578200;;;;;;;;;;;
157;Mizoram;2005;37;0;4;49;4;0;0;972200;;;;;;;;;;;
158;Nagaland;2005;17;9;0;7;0;0;0;1985600;;;;;;;;;;;
159;Odisha;2005;799;547;334;2238;184;1671;0;38872600;;;;;;;;;;;
160;Punjab;2005;398;329;99;308;43;729;0;25712600;;;;;;;;;;;
161;Rajasthan;2005;993;1549;361;2503;28;5997;0;61323400;;;;;;;;;;;
162;Sikkim;2005;18;2;0;38;0;4;0;569000;;;;;;;;;;;
163;Tamil Nadu;2005;571;783;215;1764;665;1650;0;66302400;;;;;;;;;;;
164;Telangana;2005;;;;;;;;;;;;;;;;;;;
165;Tripura;2005;162;43;34;161;1;439;0;3389000;;;;;;;;;;;
166;Uttar Pradesh;2005;1217;2256;1564;1835;2881;4505;0;179643600;;;;;;;;;;;
167;Uttarakhand;2005;133;125;63;100;89;272;0;9127800;;;;;;;;;;;
168;West Bengal;2005;1686;1039;446;1572;54;6936;61;84616000;;;;;;;;;;;
169;Andaman & Nicobar;2005;4;1;0;11;1;5;0;366000;;;;;;;;;;;
170;Chandigarh;2005;33;45;3;31;9;75;0;962600;;;;;;;;;;;
171;Dadra and Nagar Haveli and Daman and Diu;2005;7;11;1;6;0;8;0;269600;;;;;;;;;;;
172;Delhi;2005;658;1106;114;762;225;1324;1;15025800;;;;;;;;;;;
173;Lakshadweep;2005;0;0;0;0;0;0;0;62200;;;;;;;;;;;
174;Puducherry;2005;6;3;4;60;26;6;0;1083600;;;;;;;;;;;
175;Andhra Pradesh;2006;1049;1329;519;4534;2411;9164;0;77145905;;;;;;;;;;;
176;Arunachal Pradesh;2006;37;51;1;63;2;14;0;1241000;;;;;;;;;;;
177;Assam;2006;1244;1544;105;1290;10;2548;0;28931000;;;;;;;;;;;
178;Bihar;2006;1232;1084;1188;530;53;1689;42;93504450;;;;;;;;;;;
179;Chhattisgarh;2006;995;178;103;1598;143;717;1;23189500;;;;;;;;;;;
180;Goa;2006;21;10;0;18;7;14;0;1403500;;;;;;;;;;;
181;Gujarat;2006;354;945;50;736;138;4977;0;55555500;;;;;;;;;;;
182;Haryana;2006;608;431;255;486;491;2254;0;23248000;;;;;;;;;;;
183;Himachal Pradesh;2006;113;109;3;275;31;259;0;6471500;;;;;;;;;;;
184;Jammu & Kashmir;2006;250;723;10;960;347;135;0;11342500;;;;;;;;;;;
185;Jharkhand;2006;799;410;281;414;44;668;5;29967000;;;;;;;;;;;
186;Karnataka;2006;400;328;244;1683;38;2129;0;56973000;;;;;;;;;;;
187;Kerala;2006;601;202;25;2543;222;3708;0;32623500;;;;;;;;;;;
188;Madhya Pradesh;2006;2900;617;764;6243;762;2989;0;66487500;;;;;;;;;;;
189;Maharashtra;2006;1500;921;387;3479;984;6738;1;104626500;;;;;;;;;;;
190;Manipur;2006;40;79;0;42;0;10;0;2575000;;;;;;;;;;;
191;Meghalaya;2006;74;25;6;57;0;13;0;2643000;;;;;;;;;;;
192;Mizoram;2006;72;1;0;51;0;1;0;993000;;;;;;;;;;;
193;Nagaland;2006;23;3;0;3;2;3;0;1984500;;;;;;;;;;;
194;Odisha;2006;985;577;457;2415;247;694;12;39389500;;;;;;;;;;;
195;Punjab;2006;442;418;130;314;60;801;2;26051000;;;;;;;;;;;
196;Rajasthan;2006;1085;1553;394;2582;31;7038;3;62527500;;;;;;;;;;;
197;Sikkim;2006;20;7;0;14;0;6;0;576000;;;;;;;;;;;
198;Tamil Nadu;2006;457;718;187;1179;852;1248;0;67276500;;;;;;;;;;;
199;Telangana;2006;;;;;;;;;;;;;;;;;;;
200;Tripura;2006;189;62;35;207;0;471;0;3436500;;;;;;;;;;;
201;Uttar Pradesh;2006;1314;2551;1798;2096;2714;5204;0;183005000;;;;;;;;;;;
202;Uttarakhand;2006;147;183;80;153;113;358;0;9287500;;;;;;;;;;;
203;West Bengal;2006;1731;1199;445;1837;63;7414;1;85726000;;;;;;;;;;;
204;Andaman & Nicobar;2006;6;5;0;14;4;7;0;368500;;;;;;;;;;;
205;Chandigarh;2006;19;57;10;20;13;102;0;978000;;;;;;;;;;;
206;Dadra and Nagar Haveli and Daman and Diu;2006;9;15;1;7;1;7;0;282000;;;;;;;;;;;
207;Delhi;2006;623;1066;137;718;144;1728;0;15319500;;;;;;;;;;;
208;Lakshadweep;2006;0;0;0;0;0;1;0;62500;;;;;;;;;;;
209;Puducherry;2006;9;13;3;56;39;19;0;1111000;;;;;;;;;;;
210;Andhra Pradesh;2007;1070;1564;613;4406;3316;11335;0;77333086;;;;;;;;;;;
211;Arunachal Pradesh;2007;48;44;0;72;1;20;0;1269600;;;;;;;;;;;
212;Assam;2007;1437;1471;100;789;10;3000;0;29386000;;;;;;;;;;;
213;Bihar;2007;1555;1260;1172;853;12;1635;56;95605540;;;;;;;;;;;
214;Chhattisgarh;2007;982;181;100;1549;111;824;0;23660600;;;;;;;;;;;
215;Goa;2007;20;7;2;20;7;14;0;1414600;;;;;;;;;;;
216;Gujarat;2007;316;1089;42;822;120;5827;0;56532400;;;;;;;;;;;
217;Haryana;2007;488;554;269;417;409;2412;0;23668600;;;;;;;;;;;
218;Himachal Pradesh;2007;159;150;8;322;33;342;0;6550200;;;;;;;;;;;
219;Jammu & Kashmir;2007;288;707;9;986;353;176;0;11582200;;;;;;;;;;;
220;Jharkhand;2007;855;534;303;342;15;801;0;30571200;;;;;;;;;;;
221;Karnataka;2007;436;390;251;1828;28;2507;0;57797400;;;;;;;;;;;
222;Kerala;2007;512;177;27;2624;262;3999;0;32780000;;;;;;;;;;;
223;Madhya Pradesh;2007;3010;701;742;6772;780;3294;0;67715400;;;;;;;;;;;
224;Maharashtra;2007;1451;967;436;3306;1039;7356;0;106176000;;;;;;;;;;;
225;Manipur;2007;20;83;0;70;0;15;0;2631200;;;;;;;;;;;
226;Meghalaya;2007;82;22;2;45;1;19;0;2707800;;;;;;;;;;;
227;Mizoram;2007;83;0;0;66;0;2;0;1013800;;;;;;;;;;;
228;Nagaland;2007;13;6;0;8;1;0;0;1983400;;;;;;;;;;;
229;Odisha;2007;939;660;461;2775;241;728;0;39906400;;;;;;;;;;;
230;Punjab;2007;519;545;133;427;48;971;0;26389400;;;;;;;;;;;
231;Rajasthan;2007;1238;1694;439;2477;28;8170;0;63731600;;;;;;;;;;;
232;Sikkim;2007;24;9;0;13;0;7;0;583000;;;;;;;;;;;
233;Tamil Nadu;2007;523;1097;208;1540;875;1976;0;68250600;;;;;;;;;;;
234;Telangana;2007;;;;;;;;;;;;;;;;;;;
235;Tripura;2007;157;81;36;244;4;545;0;3484000;;;;;;;;;;;
236;Uttar Pradesh;2007;1648;3363;2076;2522;2882;7650;0;186366400;;;;;;;;;;;
237;Uttarakhand;2007;117;227;70;146;63;463;0;9447200;;;;;;;;;;;
238;West Bengal;2007;2106;1590;451;2281;99;9900;5;86836000;;;;;;;;;;;
239;Andaman & Nicobar;2007;3;9;1;21;2;18;0;371000;;;;;;;;;;;
240;Chandigarh;2007;22;46;1;32;11;112;0;993400;;;;;;;;;;;
241;Dadra and Nagar Haveli and Daman and Diu;2007;8;7;1;0;0;6;0;294400;;;;;;;;;;;
242;Delhi;2007;598;1167;138;868;167;1787;0;15613200;;;;;;;;;;;
243;Lakshadweep;2007;1;0;0;2;0;2;0;62800;;;;;;;;;;;
244;Puducherry;2007;9;14;2;89;32;17;0;1138400;;;;;;;;;;;
245;Andhra Pradesh;2008;1257;1396;556;4730;3551;10306;0;77520267;;;;;;;;;;;
246;Arunachal Pradesh;2008;42;47;0;72;1;13;0;1298200;;;;;;;;;;;
247;Assam;2008;1438;1789;103;1272;2;3478;0;29841000;;;;;;;;;;;
248;Bihar;2008;1302;1789;1210;999;21;1992;22;97706630;;;;;;;;;;;
249;Chhattisgarh;2008;978;216;106;1621;125;897;0;24131700;;;;;;;;;;;
250;Goa;2008;30;28;2;32;12;12;0;1425700;;;;;;;;;;;
251;Gujarat;2008;374;1119;27;828;122;6094;0;57509300;;;;;;;;;;;
252;Haryana;2008;631;644;302;435;605;2435;0;24089200;;;;;;;;;;;
253;Himachal Pradesh;2008;157;137;3;295;41;343;0;6628900;;;;;;;;;;;
254;Jammu & Kashmir;2008;219;656;21;935;296;162;0;11821900;;;;;;;;;;;
255;Jharkhand;2008;791;499;266;271;23;851;39;31175400;;;;;;;;;;;
256;Karnataka;2008;446;405;259;1954;44;2638;1;58621800;;;;;;;;;;;
257;Kerala;2008;568;166;31;2745;258;4138;0;32936500;;;;;;;;;;;
258;Madhya Pradesh;2008;2937;736;805;6445;758;3185;0;68943300;;;;;;;;;;;
259;Maharashtra;2008;1558;998;390;3619;1091;7829;0;107725500;;;;;;;;;;;
260;Manipur;2008;38;87;1;57;0;28;0;2687400;;;;;;;;;;;
261;Meghalaya;2008;88;25;2;54;4;32;0;2772600;;;;;;;;;;;
262;Mizoram;2008;77;1;0;78;0;5;0;1034600;;;;;;;;;;;
263;Nagaland;2008;19;7;0;15;1;4;0;1982300;;;;;;;;;;;
264;Odisha;2008;1113;762;401;2782;282;1618;0;40423300;;;;;;;;;;;
265;Punjab;2008;517;514;128;388;49;984;0;26727800;;;;;;;;;;;
266;Rajasthan;2008;1355;1863;439;2520;19;8113;0;64935700;;;;;;;;;;;
267;Sikkim;2008;20;4;0;19;0;5;0;590000;;;;;;;;;;;
268;Tamil Nadu;2008;573;1160;207;1705;974;1648;0;69224700;;;;;;;;;;;
269;Telangana;2008;;;;;;;;;;;;;;;;;;;
270;Tripura;2008;204;110;16;346;4;735;0;3531500;;;;;;;;;;;
271;Uttar Pradesh;2008;1871;4439;2237;2955;3374;8312;0;189727800;;;;;;;;;;;
272;Uttarakhand;2008;87;222;73;120;306;340;0;9606900;;;;;;;;;;;
273;West Bengal;2008;2263;1907;451;2396;94;13663;5;87946000;;;;;;;;;;;
274;Andaman & Nicobar;2008;12;13;2;24;3;26;0;373500;;;;;;;;;;;
275;Chandigarh;2008;20;42;3;19;2;49;0;1008800;;;;;;;;;;;
276;Dadra and Nagar Haveli and Daman and Diu;2008;6;12;0;6;1;9;0;306800;;;;;;;;;;;
277;Delhi;2008;466;1136;129;611;130;1387;0;15906900;;;;;;;;;;;
278;Lakshadweep;2008;2;1;0;0;0;1;0;63100;;;;;;;;;;;
279;Puducherry;2008;8;9;2;65;21;12;0;1165800;;;;;;;;;;;
280;Andhra Pradesh;2009;1188;1526;546;5147;3520;11297;0;77707448;;;;;;;;;;;
281;Arunachal Pradesh;2009;59;28;0;58;6;13;0;1326800;;;;;;;;;;;
282;Assam;2009;1631;2092;170;1342;10;4398;1;30296000;;;;;;;;;;;
283;Bihar;2009;929;1986;1295;726;12;2532;31;99807720;;;;;;;;;;;
284;Chhattisgarh;2009;976;229;128;1598;152;893;0;24602800;;;;;;;;;;;
285;Goa;2009;47;22;3;37;10;21;0;1436800;;;;;;;;;;;
286;Gujarat;2009;433;1162;24;727;114;5506;0;58486200;;;;;;;;;;;
287;Haryana;2009;603;659;281;451;605;2617;0;24509800;;;;;;;;;;;
288;Himachal Pradesh;2009;183;122;1;318;37;284;0;6707600;;;;;;;;;;;
289;Jammu & Kashmir;2009;237;825;12;972;371;196;0;12061600;;;;;;;;;;;
290;Jharkhand;2009;719;517;295;276;83;710;6;31779600;;;;;;;;;;;
291;Karnataka;2009;509;408;264;2186;64;3185;2;59446200;;;;;;;;;;;
292;Kerala;2009;568;173;20;2540;395;4007;0;33093000;;;;;;;;;;;
293;Madhya Pradesh;2009;2998;841;858;6307;728;3983;1;70171200;;;;;;;;;;;
294;Maharashtra;2009;1483;926;341;3196;1099;7681;0;109275000;;;;;;;;;;;
295;Manipur;2009;31;97;0;39;2;25;0;2743600;;;;;;;;;;;
296;Meghalaya;2009;112;26;0;72;1;24;1;2837400;;;;;;;;;;;
297;Mizoram;2009;83;0;0;61;1;4;0;1055400;;;;;;;;;;;
298;Nagaland;2009;22;10;0;11;0;0;0;1981200;;;;;;;;;;;
299;Odisha;2009;1023;799;384;2697;210;2047;1;40940200;;;;;;;;;;;
300;Punjab;2009;511;513;126;319;33;1061;0;27066200;;;;;;;;;;;
301;Rajasthan;2009;1519;2310;436;2485;24;10371;0;66139800;;;;;;;;;;;
302;Sikkim;2009;18;6;0;10;0;6;0;597000;;;;;;;;;;;
303;Tamil Nadu;2009;596;1133;194;1242;501;1460;0;70198800;;;;;;;;;;;
304;Telangana;2009;;;;;;;;;;;;;;;;;;;
305;Tripura;2009;190;92;29;384;5;815;0;3579000;;;;;;;;;;;
306;Uttar Pradesh;2009;1759;5078;2232;2782;2524;8566;0;193089200;;;;;;;;;;;
307;Uttarakhand;2009;111;247;94;119;249;361;0;9766600;;;;;;;;;;;
308;West Bengal;2009;2336;2187;506;1942;108;16112;5;89056000;;;;;;;;;;;
309;Andaman & Nicobar;2009;18;14;1;30;7;21;0;376000;;;;;;;;;;;
310;Chandigarh;2009;29;36;2;26;2;51;0;1024200;;;;;;;;;;;
311;Dadra and Nagar Haveli and Daman and Diu;2009;5;9;0;6;2;6;0;319200;;;;;;;;;;;
312;Delhi;2009;469;1655;141;552;118;1283;0;16200600;;;;;;;;;;;
313;Lakshadweep;2009;1;0;0;0;0;0;0;63400;;;;;;;;;;;
314;Puducherry;2009;1;13;0;53;16;10;0;1193200;;;;;;;;;;;
315;Andhra Pradesh;2010;1362;1531;588;4634;4562;12080;0;77894629;;;;;;;;;;;
316;Arunachal Pradesh;2010;47;46;0;84;1;12;0;1355400;;;;;;;;;;;
317;Assam;2010;1721;2767;175;1400;20;5410;0;30751000;;;;;;;;;;;
318;Bihar;2010;795;2569;1257;534;16;2271;8;101908810;;;;;;;;;;;
319;Chhattisgarh;2010;1012;279;115;1706;182;861;2;25073900;;;;;;;;;;;
320;Goa;2010;36;18;1;36;16;17;0;1447900;;;;;;;;;;;
321;Gujarat;2010;408;1290;19;668;110;5600;0;59463100;;;;;;;;;;;
322;Haryana;2010;720;714;284;476;580;2720;0;24930400;;;;;;;;;;;
323;Himachal Pradesh;2010;160;162;2;350;78;275;0;6786300;;;;;;;;;;;
324;Jammu & Kashmir;2010;245;840;9;1038;262;211;0;12301300;;;;;;;;;;;
325;Jharkhand;2010;773;696;276;245;16;650;8;32383800;;;;;;;;;;;
326;Karnataka;2010;586;586;248;2544;83;3441;0;60270600;;;;;;;;;;;
327;Kerala;2010;634;184;22;2936;537;4797;0;33249500;;;;;;;;;;;
328;Madhya Pradesh;2010;3135;1030;892;6646;918;3756;5;71399100;;;;;;;;;;;
329;Maharashtra;2010;1599;1124;393;3661;1180;7434;0;110824500;;;;;;;;;;;
330;Manipur;2010;34;107;0;31;0;18;0;2799800;;;;;;;;;;;
331;Meghalaya;2010;149;37;0;48;0;24;0;2902200;;;;;;;;;;;
332;Mizoram;2010;92;0;0;75;0;3;0;1076200;;;;;;;;;;;
333;Nagaland;2010;16;6;0;13;3;1;0;1980100;;;;;;;;;;;
334;Odisha;2010;1025;912;388;2905;232;2067;5;41457100;;;;;;;;;;;
335;Punjab;2010;546;576;121;349;38;1163;0;27404600;;;;;;;;;;;
336;Rajasthan;2010;1571;2477;462;2339;23;11145;0;67343900;;;;;;;;;;;
337;Sikkim;2010;18;6;1;11;0;3;0;604000;;;;;;;;;;;
338;Tamil Nadu;2010;686;1464;165;1405;638;1570;0;71172900;;;;;;;;;;;
339;Telangana;2010;;;;;;;;;;;;;;;;;;;
340;Tripura;2010;238;91;25;376;9;937;0;3626500;;;;;;;;;;;
341;Uttar Pradesh;2010;1563;5468;2217;2793;11;7978;0;196450600;;;;;;;;;;;
342;Uttarakhand;2010;121;249;75;125;165;334;0;9926300;;;;;;;;;;;
343;West Bengal;2010;2311;2764;507;2465;163;17796;8;90166000;;;;;;;;;;;
344;Andaman & Nicobar;2010;24;8;0;31;10;9;0;378500;;;;;;;;;;;
345;Chandigarh;2010;31;28;5;29;4;41;0;1039600;;;;;;;;;;;
346;Dadra and Nagar Haveli and Daman and Diu;2010;4;12;0;13;2;6;0;331600;;;;;;;;;;;
347;Delhi;2010;507;1740;143;601;80;1404;0;16494300;;;;;;;;;;;
348;Lakshadweep;2010;0;0;0;0;0;0;0;63700;;;;;;;;;;;
349;Puducherry;2010;3;14;1;46;22;7;0;1220600;;;;;;;;;;;
350;Andhra Pradesh;2011;1442;1612;599;4849;3658;13376;497;49577000;;;;;;;;;;;
351;Arunachal Pradesh;2011;42;60;0;51;0;18;0;1384000;;;;;;;;;;;
352;Assam;2011;1700;3192;121;1193;8;5246;21;31206000;;;;;;;;;;;
353;Bihar;2011;934;3050;1413;790;11;2607;23;104099000;;;;;;;;;;;
354;Chhattisgarh;2011;1053;365;104;1654;174;834;15;25545000;;;;;;;;;;;
355;Goa;2011;29;17;1;29;12;18;18;1459000;;;;;;;;;;;
356;Gujarat;2011;439;1442;30;685;93;6052;46;60440000;;;;;;;;;;;
357;Haryana;2011;733;733;255;474;490;2740;57;25351000;;;;;;;;;;;
358;Himachal Pradesh;2011;168;191;4;331;62;239;2;6865000;;;;;;;;;;;
359;Jammu & Kashmir;2011;277;1023;11;1194;350;286;1;12541000;;;;;;;;;;;
360;Jharkhand;2011;784;660;282;317;7;659;15;32988000;;;;;;;;;;;
361;Karnataka;2011;636;715;267;2608;81;3712;351;61095000;;;;;;;;;;;
362;Kerala;2011;1132;221;15;3756;573;5377;197;33406000;;;;;;;;;;;
363;Madhya Pradesh;2011;3406;1088;811;6665;762;3732;24;72627000;;;;;;;;;;;
364;Maharashtra;2011;1701;1252;339;3794;1071;7136;390;112374000;;;;;;;;;;;
365;Manipur;2011;53;116;1;38;0;39;0;2856000;;;;;;;;;;;
366;Meghalaya;2011;130;37;1;74;1;21;2;2967000;;;;;;;;;;;
367;Mizoram;2011;77;0;0;72;1;9;8;1097000;;;;;;;;;;;
368;Nagaland;2011;23;3;0;9;0;1;2;1979000;;;;;;;;;;;
369;Odisha;2011;1112;1008;465;3207;235;2320;23;41974000;;;;;;;;;;;
370;Punjab;2011;479;517;143;282;31;1136;50;27743000;;;;;;;;;;;
371;Rajasthan;2011;1800;2713;514;2447;9;12218;81;68548000;;;;;;;;;;;
372;Sikkim;2011;16;10;0;24;0;4;1;611000;;;;;;;;;;;
373;Tamil Nadu;2011;677;1743;152;1467;464;1812;420;72147000;;;;;;;;;;;
374;Telangana;2011;0;0;0;0;0;0;0;35003674;;;;;;;;;;;
375;Tripura;2011;205;116;30;294;9;702;2;3674000;;;;;;;;;;;
376;Uttar Pradesh;2011;2042;7525;2322;3455;3;7121;43;199812000;;;;;;;;;;;
377;Uttarakhand;2011;129;283;83;116;72;307;3;10086000;;;;;;;;;;;
378;West Bengal;2011;2363;3711;510;2363;200;19772;96;91276000;;;;;;;;;;;
379;Andaman & Nicobar;2011;13;12;0;15;3;5;3;381000;;;;;;;;;;;
380;Chandigarh;2011;27;46;2;21;12;46;1;1055000;;;;;;;;;;;
381;Dadra and Nagar Haveli and Daman and Diu;2011;5;10;0;2;0;5;7;344000;;;;;;;;;;;
382;Delhi;2011;572;2085;142;0;162;1575;33;16788000;;;;;;;;;;;
383;Lakshadweep;2011;0;0;0;0;0;0;0;64000;;;;;;;;;;;
384;Puducherry;2011;7;9;1;35;16;10;3;1248000;;;;;;;;;;;
385;Andhra Pradesh;2012;1341;1403;504;4816;3714;13389;472;49764181;;;;;;;;;;;
386;Arunachal Pradesh;2012;46;58;1;67;2;26;1;1398900;;;;;;;;;;;
387;Assam;2012;1716;3360;140;1840;5;6407;30;31589700;;;;;;;;;;;
388;Bihar;2012;927;3789;1275;118;37;3686;35;105917210;;;;;;;;;;;
389;Chhattisgarh;2012;1034;350;81;1601;162;980;5;25939800;;;;;;;;;;;
390;Goa;2012;55;16;0;49;16;24;40;1469000;;;;;;;;;;;
391;Gujarat;2012;473;1527;21;745;93;6658;44;61374800;;;;;;;;;;;
392;Haryana;2012;668;900;258;525;434;3137;69;25764200;;;;;;;;;;;
393;Himachal Pradesh;2012;183;152;2;250;68;251;6;6917900;;;;;;;;;;;
394;Jammu & Kashmir;2012;303;1041;8;1322;347;301;3;12627700;;;;;;;;;;;
395;Jharkhand;2012;812;786;302;284;10;1261;12;33536300;;;;;;;;;;;
396;Karnataka;2012;621;1070;218;2978;100;3684;335;61670000;;;;;;;;;;;
397;Kerala;2012;1019;214;32;3735;498;5216;210;33614300;;;;;;;;;;;
398;Madhya Pradesh;2012;3425;1127;743;6655;774;3988;13;73815900;;;;;;;;;;;
399;Maharashtra;2012;1839;1140;329;3935;1294;7415;366;113580300;;;;;;;;;;;
400;Manipur;2012;63;133;0;49;1;43;15;2886900;;;;;;;;;;;
401;Meghalaya;2012;164;24;1;43;0;16;7;2999100;;;;;;;;;;;
402;Mizoram;2012;103;3;0;85;0;8;0;1108900;;;;;;;;;;;
403;Nagaland;2012;21;10;0;16;0;0;4;2000300;;;;;;;;;;;
404;Odisha;2012;1458;1364;525;4187;304;2638;24;42179900;;;;;;;;;;;
405;Punjab;2012;680;689;118;340;31;1293;86;28002600;;;;;;;;;;;
406;Rajasthan;2012;2049;2697;478;2352;18;13312;99;69621300;;;;;;;;;;;
407;Sikkim;2012;34;10;1;19;0;4;0;617600;;;;;;;;;;;
408;Tamil Nadu;2012;737;1693;110;1494;382;1965;500;72572500;;;;;;;;;;;
409;Telangana;2012;0;0;0;0;0;0;0;35275806,6;;;;;;;;;;;
410;Tripura;2012;229;114;37;314;7;858;0;3713700;;;;;;;;;;;
411;Uttar Pradesh;2012;1963;7910;2244;3247;8;7661;31;202921500;;;;;;;;;;;
412;Uttarakhand;2012;148;256;71;139;73;368;12;10217300;;;;;;;;;;;
413;West Bengal;2012;2046;4168;593;3345;556;19865;109;91960900;;;;;;;;;;;
414;Andaman & Nicobar;2012;12;7;2;10;4;5;2;381900;;;;;;;;;;;
415;Chandigarh;2012;27;66;5;45;25;73;0;1070300;;;;;;;;;;;
416;Dadra and Nagar Haveli and Daman and Diu;2012;8;9;0;2;0;3;5;356400;;;;;;;;;;;
417;Delhi;2012;706;2160;134;727;208;1985;24;17166300;;;;;;;;;;;
418;Lakshadweep;2012;0;0;0;1;0;1;0;64400;;;;;;;;;;;
419;Puducherry;2012;13;16;0;9;2;6;4;1280400;;;;;;;;;;;
420;Andhra Pradesh;2013;1635;1595;492;6930;4702;15084;489;49951362;;;;;;;;;;;
421;Arunachal Pradesh;2013;75;86;0;93;3;29;2;1413800;;;;;;;;;;;
422;Assam;2013;1937;4222;170;2409;14;8636;18;31973400;;;;;;;;;;;
423;Bihar;2013;1128;4419;1182;331;52;4533;64;107824520;;;;;;;;;;;
424;Chhattisgarh;2013;1380;1881;109;2261;180;1181;8;26334600;;;;;;;;;;;
425;Goa;2013;86;70;0;162;54;40;28;1479000;;;;;;;;;;;
426;Gujarat;2013;732;2230;29;1243;77;7812;76;62309600;;;;;;;;;;;
427;Haryana;2013;971;1957;263;1560;643;3617;63;26177400;;;;;;;;;;;
428;Himachal Pradesh;2013;250;290;0;493;111;328;4;6970800;;;;;;;;;;;
429;Jammu & Kashmir;2013;378;949;7;1389;354;428;1;12714400;;;;;;;;;;;
430;Jharkhand;2013;1204;926;307;524;18;2084;11;34084600;;;;;;;;;;;
431;Karnataka;2013;1030;1359;277;3913;137;3276;340;62245000;;;;;;;;;;;
432;Kerala;2013;1221;185;21;4362;404;4820;180;33822600;;;;;;;;;;;
433;Madhya Pradesh;2013;4335;2873;776;8252;736;4988;22;75004800;;;;;;;;;;;
434;Maharashtra;2013;3063;1874;320;8132;2632;8542;289;114786600;;;;;;;;;;;
435;Manipur;2013;72;125;0;59;0;29;0;2917800;;;;;;;;;;;
436;Meghalaya;2013;183;33;2;98;0;23;4;3031200;;;;;;;;;;;
437;Mizoram;2013;89;2;0;81;0;5;0;1120800;;;;;;;;;;;
438;Nagaland;2013;31;11;1;18;1;4;1;2021600;;;;;;;;;;;
439;Odisha;2013;1832;2067;395;4618;426;2792;27;42385800;;;;;;;;;;;
440;Punjab;2013;888;987;126;1045;67;1741;137;28262200;;;;;;;;;;;
441;Rajasthan;2013;3285;4047;453;4829;25;15094;74;70694600;;;;;;;;;;;
442;Sikkim;2013;43;16;0;29;0;5;0;624200;;;;;;;;;;;
443;Tamil Nadu;2013;923;1516;118;1271;313;2471;549;72998000;;;;;;;;;;;
444;Telangana;2013;0;0;0;0;0;0;0;35547939,2;;;;;;;;;;;
445;Tripura;2013;233;124;29;407;7;827;0;3753400;;;;;;;;;;;
446;Uttar Pradesh;2013;3050;9737;2335;7303;25;8781;37;206031000;;;;;;;;;;;
447;Uttarakhand;2013;228;633;43;295;72;435;13;10348600;;;;;;;;;;;
448;West Bengal;2013;1685;3830;481;4913;577;18116;104;92645800;;;;;;;;;;;
449;Andaman & Nicobar;2013;27;12;1;45;8;9;4;382800;;;;;;;;;;;
450;Chandigarh;2013;45;174;1;143;26;92;6;1085600;;;;;;;;;;;
451;Dadra and Nagar Haveli and Daman and Diu;2013;13;17;0;3;1;3;8;359064;;;;;;;;;;;
452;Delhi;2013;1636;3609;144;3515;916;3033;20;17544600;;;;;;;;;;;
453;Lakshadweep;2013;2;0;0;1;0;0;0;64800;;;;;;;;;;;
454;Puducherry;2013;17;25;1;12;8;8;0;1312800;;;;;;;;;;;
455;Andhra Pradesh;2014;961;721;468;4547;1072;6362;204;50138544;;;;;;;;;;;
456;Arunachal Pradesh;2014;83;91;0;121;21;42;0;1428700;;;;;;;;;;;
457;Assam;2014;1980;3895;92;3099;458;9626;29;32357100;;;;;;;;;;;
458;Bihar;2014;1127;4735;2203;572;271;4672;31;109731830;;;;;;;;;;;
459;Chhattisgarh;2014;1436;1393;8;2122;649;964;2;26729400;;;;;;;;;;;
460;Goa;2014;95;86;0;202;50;35;9;1489000;;;;;;;;;;;
461;Gujarat;2014;841;2187;53;1352;405;5991;45;63244400;;;;;;;;;;;
462;Haryana;2014;1174;1922;13;1688;599;3478;43;26590600;;;;;;;;;;;
463;Himachal Pradesh;2014;283;227;2;538;159;325;5;7023700;;;;;;;;;;;
464;Jammu & Kashmir;2014;331;813;1;1421;242;467;1;12801100;;;;;;;;;;;
465;Jharkhand;2014;1050;885;1538;440;114;1462;11;34632900;;;;;;;;;;;
466;Karnataka;2014;1324;1457;1730;5263;253;3025;388;62820000;;;;;;;;;;;
467;Kerala;2014;1347;143;3;4367;980;4919;91;34030900;;;;;;;;;;;
468;Madhya Pradesh;2014;5076;5688;113;9609;3163;6451;15;76193700;;;;;;;;;;;
469;Maharashtra;2014;3438;2457;39;10001;4052;7696;202;115992900;;;;;;;;;;;
470;Manipur;2014;75;121;0;98;5;41;0;2948700;;;;;;;;;;;
471;Meghalaya;2014;118;38;1;105;0;42;3;3063300;;;;;;;;;;;
472;Mizoram;2014;120;3;0;97;53;8;0;1132700;;;;;;;;;;;
473;Nagaland;2014;30;13;0;16;5;3;1;2042900;;;;;;;;;;;
474;Odisha;2014;1978;2436;646;5543;802;3114;32;42591700;;;;;;;;;;;
475;Punjab;2014;981;1176;5;1113;344;1681;63;28521800;;;;;;;;;;;
476;Rajasthan;2014;3759;4421;12;5999;727;15905;78;71767900;;;;;;;;;;;
477;Sikkim;2014;47;12;0;34;14;5;0;630800;;;;;;;;;;;
478;Tamil Nadu;2014;455;1502;292;1102;46;2103;471;73423500;;;;;;;;;;;
479;Telangana;2014;979;711;563;3188;620;6369;192;35820071,8;;;;;;;;;;;
480;Tripura;2014;239;102;1;492;82;702;0;3793100;;;;;;;;;;;
481;Uttar Pradesh;2014;3467;10626;2133;8605;4435;10471;37;209140500;;;;;;;;;;;
482;Uttarakhand;2014;270;275;104;343;22;301;19;10479900;;;;;;;;;;;
483;West Bengal;2014;1466;4976;1;5670;1045;23278;80;93330700;;;;;;;;;;;
484;Andaman & Nicobar;2014;32;17;0;41;18;14;1;383700;;;;;;;;;;;
485;Chandigarh;2014;59;133;2;87;31;141;0;1100900;;;;;;;;;;;
486;Dadra and Nagar Haveli and Daman and Diu;2014;7;8;0;5;3;7;8;361728;;;;;;;;;;;
487;Delhi;2014;2096;4034;13;4322;1186;3173;8;17922900;;;;;;;;;;;
488;Lakshadweep;2014;1;0;0;1;0;0;0;65200;;;;;;;;;;;
489;Puducherry;2014;10;7;14;32;12;4;1;1345200;;;;;;;;;;;
490;Andhra Pradesh;2015;1027;684;174;4616;1070;6121;204;50325725;;;;;;;;;;;
491;Arunachal Pradesh;2015;71;128;0;101;15;66;2;1443600;;;;;;;;;;;
492;Assam;2015;1733;5039;216;4293;499;11225;47;32740800;;;;;;;;;;;
493;Bihar;2015;1041;5158;1154;198;78;3792;21;111639140;;;;;;;;;;;
494;Chhattisgarh;2015;1560;1354;89;1868;507;620;4;27124200;;;;;;;;;;;
495;Goa;2015;86;70;0;150;58;19;3;1499000;;;;;;;;;;;
496;Gujarat;2015;503;1569;12;1164;536;4133;35;64179200;;;;;;;;;;;
497;Haryana;2015;1070;2336;243;1886;688;3525;44;27003800;;;;;;;;;;;
498;Himachal Pradesh;2015;244;239;2;434;99;226;6;7076600;;;;;;;;;;;
499;Jammu & Kashmir;2015;296;1071;6;1343;244;400;0;12887800;;;;;;;;;;;
500;Jharkhand;2015;1053;930;267;844;531;1654;3;35181200;;;;;;;;;;;
501;Karnataka;2015;589;1611;254;5112;535;2732;420;63395000;;;;;;;;;;;
502;Kerala;2015;1256;192;8;3987;1145;3668;135;34239200;;;;;;;;;;;
503;Madhya Pradesh;2015;4391;4547;664;8049;2559;5281;25;77382600;;;;;;;;;;;
504;Maharashtra;2015;4144;5096;268;11713;4751;7640;381;117199200;;;;;;;;;;;
505;Manipur;2015;46;94;0;84;2;39;0;2979600;;;;;;;;;;;
506;Meghalaya;2015;93;58;1;95;22;44;0;3095400;;;;;;;;;;;
507;Mizoram;2015;58;8;0;75;53;9;0;1144600;;;;;;;;;;;
508;Nagaland;2015;35;30;0;8;6;4;3;2064200;;;;;;;;;;;
509;Odisha;2015;2251;2587;356;6499;886;3605;35;42797600;;;;;;;;;;;
510;Punjab;2015;886;1253;85;1123;400;1583;69;28781400;;;;;;;;;;;
511;Rajasthan;2015;3644;4167;463;4813;649;14383;86;72841200;;;;;;;;;;;
512;Sikkim;2015;5;21;1;21;5;2;0;637400;;;;;;;;;;;
513;Tamil Nadu;2015;421;1335;65;1163;197;1900;491;73849000;;;;;;;;;;;
514;Telangana;2015;1105;648;262;3608;620;7329;252;36092204,4;;;;;;;;;;;
515;Tripura;2015;213;120;28;352;28;501;2;3832800;;;;;;;;;;;
516;Uttar Pradesh;2015;3025;10135;2335;7885;5925;8660;33;212250000;;;;;;;;;;;
517;Uttarakhand;2015;283;336;54;318;51;407;18;10611200;;;;;;;;;;;
518;West Bengal;2015;1199;3938;498;5069;674;20163;101;94015600;;;;;;;;;;;
519;Andaman & Nicobar;2015;36;21;0;57;23;14;0;384600;;;;;;;;;;;
520;Chandigarh;2015;72;165;5;76;22;126;0;1116200;;;;;;;;;;;
521;Dadra and Nagar Haveli and Daman and Diu;2015;13;22;1;12;3;5;0;364392;;;;;;;;;;;
522;Delhi;2015;2199;4301;122;5367;1150;3521;3;18301200;;;;;;;;;;;
523;Lakshadweep;2015;0;0;0;6;0;2;0;65600;;;;;;;;;;;
524;Puducherry;2015;3;14;1;33;10;4;1;1377600;;;;;;;;;;;
525;Andhra Pradesh;2016;994;626;193;4829;1305;6461;186;50512906;;;;;;;;;;;
526;Arunachal Pradesh;2016;92;85;1;109;4;50;0;1458500;;;;;;;;;;;
527;Assam;2016;1779;5339;157;3378;677;9321;65;33124500;;;;;;;;;;;
528;Bihar;2016;1008;5496;987;324;124;3794;50;113546450;;;;;;;;;;;
529;Chhattisgarh;2016;1626;1447;84;1770;244;622;17;27519000;;;;;;;;;;;
530;Goa;2016;61;69;2;143;41;23;3;1509000;;;;;;;;;;;
531;Gujarat;2016;982;2146;12;1224;473;3732;76;65114000;;;;;;;;;;;
532;Haryana;2016;1187;2697;260;1860;699;3313;59;27417000;;;;;;;;;;;
533;Himachal Pradesh;2016;252;201;3;410;114;214;7;7129500;;;;;;;;;;;
534;Jammu & Kashmir;2016;256;774;6;1235;253;342;1;12974500;;;;;;;;;;;
535;Jharkhand;2016;1109;693;278;667;373;1002;0;35729500;;;;;;;;;;;
536;Karnataka;2016;1655;1923;234;5260;703;2556;323;63970000;;;;;;;;;;;
537;Kerala;2016;1656;166;25;4029;1273;3455;113;34447500;;;;;;;;;;;
538;Madhya Pradesh;2016;4882;4904;629;8717;3128;6264;20;78571500;;;;;;;;;;;
539;Maharashtra;2016;4189;6170;248;11396;4057;7215;303;118405500;;;;;;;;;;;
540;Manipur;2016;55;95;0;65;15;29;0;3010500;;;;;;;;;;;
541;Meghalaya;2016;190;51;0;68;20;26;2;3127500;;;;;;;;;;;
542;Mizoram;2016;23;3;0;71;44;19;3;1156500;;;;;;;;;;;
543;Nagaland;2016;26;50;1;14;6;3;0;2085500;;;;;;;;;;;
544;Odisha;2016;1983;2291;397;8252;979;2781;38;43003500;;;;;;;;;;;
545;Punjab;2016;838;1208;80;1025;325;1568;64;29041000;;;;;;;;;;;
546;Rajasthan;2016;3656;4010;462;4839;483;13811;56;73914500;;;;;;;;;;;
547;Sikkim;2016;92;12;0;34;8;2;0;644000;;;;;;;;;;;
548;Tamil Nadu;2016;319;1043;58;854;115;1256;432;74274500;;;;;;;;;;;
549;Telangana;2016;1278;987;254;3767;859;7202;240;36364337;;;;;;;;;;;
550;Tripura;2016;207;119;19;214;52;430;0;3872500;;;;;;;;;;;
551;Uttar Pradesh;2016;4816;12994;2473;11335;9422;11156;50;215359500;;;;;;;;;;;
552;Uttarakhand;2016;336;377;57;344;35;392;11;10742500;;;;;;;;;;;
553;West Bengal;2016;1110;4494;535;4177;663;19302;87;94700500;;;;;;;;;;;
554;Andaman & Nicobar;2016;30;21;0;46;15;7;0;385500;;;;;;;;;;;
555;Chandigarh;2016;68;112;4;76;26;122;0;1131500;;;;;;;;;;;
556;Dadra and Nagar Haveli and Daman and Diu;2016;26;14;0;5;0;14;4;367056;;;;;;;;;;;
557;Delhi;2016;2155;3891;162;4165;796;3877;4;18679500;;;;;;;;;;;
558;Lakshadweep;2016;5;0;0;1;0;2;0;66000;;;;;;;;;;;
559;Puducherry;2016;6;11;0;43;13;15;0;1410000;;;;;;;;;;;
560;Andhra Pradesh;2017;988;712;152;5129;1998;7156;121;50700087;;;;;;;;;;;
561;Arunachal Pradesh;2017;59;74;0;97;5;56;2;1473400;;;;;;;;;;;
562;Assam;2017;1772;5554;171;3569;108;9782;40;33508200;;;;;;;;;;;
563;Bihar;2017;605;6182;1081;197;1;3776;24;115453760;;;;;;;;;;;
564;Chhattisgarh;2017;1908;1457;74;1899;144;582;16;27913800;;;;;;;;;;;
565;Goa;2017;76;61;1;134;31;21;1;1519000;;;;;;;;;;;
566;Gujarat;2017;477;1259;9;1058;17;3223;28;66048800;;;;;;;;;;;
567;Haryana;2017;1099;2949;245;2031;179;3326;57;27830200;;;;;;;;;;;
568;Himachal Pradesh;2017;249;242;3;397;52;191;8;7182400;;;;;;;;;;;
569;Jammu & Kashmir;2017;296;931;8;1417;41;377;0;13061200;;;;;;;;;;;
570;Jharkhand;2017;914;1033;248;748;104;998;4;36277800;;;;;;;;;;;
571;Karnataka;2017;546;967;206;5763;212;2332;236;64545000;;;;;;;;;;;
572;Kerala;2017;2003;184;12;4413;421;2856;21;34655800;;;;;;;;;;;
573;Madhya Pradesh;2017;5562;5200;632;9252;277;6099;27;79760400;;;;;;;;;;;
574;Maharashtra;2017;1933;6248;233;9392;919;6584;248;119611800;;;;;;;;;;;
575;Manipur;2017;40;70;0;66;8;19;0;3041400;;;;;;;;;;;
576;Meghalaya;2017;119;54;1;88;21;20;0;3159600;;;;;;;;;;;
577;Mizoram;2017;25;0;0;64;2;20;0;1168400;;;;;;;;;;;
578;Nagaland;2017;10;7;0;12;0;3;3;2106800;;;;;;;;;;;
579;Odisha;2017;2070;2773;326;9132;490;2525;21;43209400;;;;;;;;;;;
580;Punjab;2017;530;1099;68;933;22;1199;7;29300600;;;;;;;;;;;
581;Rajasthan;2017;3305;3838;457;4883;24;11508;86;74987800;;;;;;;;;;;
582;Sikkim;2017;17;27;0;21;7;5;0;650600;;;;;;;;;;;
583;Tamil Nadu;2017;283;859;48;744;9;984;403;74700000;;;;;;;;;;;
584;Telangana;2017;552;934;251;4409;1160;7838;79;36636469,6;;;;;;;;;;;
585;Tripura;2017;95;90;33;225;9;348;0;3912200;;;;;;;;;;;
586;Uttar Pradesh;2017;4246;14993;2524;12607;91;12653;25;218469000;;;;;;;;;;;
587;Uttarakhand;2017;374;371;60;435;4;394;6;10873800;;;;;;;;;;;
588;West Bengal;2017;1084;4232;499;3832;448;16800;67;95385400;;;;;;;;;;;
589;Andaman & Nicobar;2017;13;3;1;38;11;4;0;386400;;;;;;;;;;;
590;Chandigarh;2017;65;138;1;100;12;121;0;1146800;;;;;;;;;;;
591;Dadra and Nagar Haveli and Daman and Diu;2017;8;0;0;9;1;9;0;369720;;;;;;;;;;;
592;Delhi;2017;1229;3783;120;2874;619;2735;6;19057800;;;;;;;;;;;
593;Lakshadweep;2017;0;0;0;0;0;2;0;66400;;;;;;;;;;;
594;Puducherry;2017;7;9;2;33;4;5;0;1442400;;;;;;;;;;;
595;Andhra Pradesh;2018;971;697;140;4445;1802;6831;152;50887268;;;;;;;;;;;
596;Arunachal Pradesh;2018;67;87;0;103;12;60;0;1488300;;;;;;;;;;;
597;Assam;2018;1648;6401;173;4180;171;11136;37;33891900;;;;;;;;;;;
598;Bihar;2018;651;7951;1107;262;30;2539;49;117361070;;;;;;;;;;;
599;Chhattisgarh;2018;2091;1842;79;1854;184;503;15;28308600;;;;;;;;;;;
600;Goa;2018;61;78;0;125;26;9;7;1529000;;;;;;;;;;;
601;Gujarat;2018;553;1024;9;1208;12;2923;34;66983600;;;;;;;;;;;
602;Haryana;2018;1296;3419;216;2671;192;4154;43;28243400;;;;;;;;;;;
603;Himachal Pradesh;2018;344;341;4;513;78;183;10;7235300;;;;;;;;;;;
604;Jammu & Kashmir;2018;320;1061;8;1597;25;325;1;13147900;;;;;;;;;;;
605;Jharkhand;2018;1090;1018;252;1378;37;1032;9;36826100;;;;;;;;;;;
606;Karnataka;2018;492;1240;200;5204;138;2053;179;65120000;;;;;;;;;;;
607;Kerala;2018;1945;173;17;4544;461;2046;4;34864100;;;;;;;;;;;
608;Madhya Pradesh;2018;5433;6126;547;8790;270;4159;40;80949300;;;;;;;;;;;
609;Maharashtra;2018;2142;6825;200;10835;1074;6862;200;120818100;;;;;;;;;;;
610;Manipur;2018;52;85;0;56;8;14;0;3072300;;;;;;;;;;;
611;Meghalaya;2018;87;58;1;95;16;18;2;3191700;;;;;;;;;;;
612;Mizoram;2018;50;1;0;67;1;6;0;1180300;;;;;;;;;;;
613;Nagaland;2018;10;35;0;10;5;3;1;2128100;;;;;;;;;;;
614;Odisha;2018;918;2611;372;9973;506;1984;10;43415300;;;;;;;;;;;
615;Punjab;2018;831;1266;67;956;19;1470;6;29560200;;;;;;;;;;;
616;Rajasthan;2018;4335;4247;404;5249;34;12250;62;76061100;;;;;;;;;;;
617;Sikkim;2018;16;7;1;23;5;1;0;657200;;;;;;;;;;;
618;Tamil Nadu;2018;331;896;55;814;14;789;386;75125500;;;;;;;;;;;
619;Telangana;2018;606;1121;186;4567;878;6286;81;36908602,2;;;;;;;;;;;
620;Tripura;2018;97;139;18;165;6;303;2;3951900;;;;;;;;;;;
621;Uttar Pradesh;2018;3946;15381;2444;12555;17;14233;27;221578500;;;;;;;;;;;
622;Uttarakhand;2018;561;502;63;548;8;622;0;11005100;;;;;;;;;;;
623;West Bengal;2018;1069;4249;444;3399;391;16951;97;96070300;;;;;;;;;;;
624;Andaman & Nicobar;2018;30;2;0;35;4;4;0;387300;;;;;;;;;;;
625;Chandigarh;2018;86;139;6;100;3;93;0;1162100;;;;;;;;;;;
626;Dadra and Nagar Haveli and Daman and Diu;2018;10;0;0;11;3;5;0;372384;;;;;;;;;;;
627;Delhi;2018;1215;3715;153;2705;552;3416;1;19436100;;;;;;;;;;;
628;Lakshadweep;2018;2;0;0;0;1;1;0;66800;;;;;;;;;;;
629;Puducherry;2018;0;14;0;60;9;8;4;1474800;;;;;;;;;;;
630;Andhra Pradesh;2019;1086;589;112;4444;1892;7851;88;51074450;;;;;;;;;;;
631;Arunachal Pradesh;2019;63;68;1;80;6;54;0;1503200;;;;;;;;;;;
632;Assam;2019;1773;6989;156;4619;385;11943;12;34275600;;;;;;;;;;;
633;Bihar;2019;730;9025;1120;312;11;2397;40;119268380;;;;;;;;;;;
634;Chhattisgarh;2019;1036;2033;76;1316;232;732;12;28703400;;;;;;;;;;;
635;Goa;2019;72;52;1;119;37;9;1;1539000;;;;;;;;;;;
636;Gujarat;2019;528;922;9;1048;16;3619;24;67918400;;;;;;;;;;;
637;Haryana;2019;1480;2803;248;2581;173;4867;28;28656600;;;;;;;;;;;
638;Himachal Pradesh;2019;359;337;4;498;72;228;10;7288200;;;;;;;;;;;
639;Jammu & Kashmir;2019;223;893;8;1440;15;347;0;13234600;;;;;;;;;;;
640;Jharkhand;2019;1416;1008;299;1646;7;1426;4;37374400;;;;;;;;;;;
641;Karnataka;2019;505;1056;194;4937;107;2472;214;65695000;;;;;;;;;;;
642;Kerala;2019;2023;227;8;4507;435;2970;10;35072400;;;;;;;;;;;
643;Madhya Pradesh;2019;2485;6091;550;5585;174;5486;21;82138200;;;;;;;;;;;
644;Maharashtra;2019;2299;6906;196;10472;1074;8430;152;122024400;;;;;;;;;;;
645;Manipur;2019;36;84;0;59;7;15;0;3103200;;;;;;;;;;;
646;Meghalaya;2019;102;71;3;96;18;23;3;3223800;;;;;;;;;;;
647;Mizoram;2019;42;2;0;35;0;5;0;1192200;;;;;;;;;;;
648;Nagaland;2019;8;13;0;8;1;0;0;2149400;;;;;;;;;;;
649;Odisha;2019;1382;3934;342;11308;536;2739;19;43621200;;;;;;;;;;;
650;Punjab;2019;1002;1534;69;944;35;1595;9;29819800;;;;;;;;;;;
651;Rajasthan;2019;5997;5907;452;8802;69;18432;40;77134400;;;;;;;;;;;
652;Sikkim;2019;11;0;0;21;2;1;0;663800;;;;;;;;;;;
653;Tamil Nadu;2019;362;699;28;803;7;781;349;75551000;;;;;;;;;;;
654;Telangana;2019;873;1322;163;4190;695;8541;22;37180734,8;;;;;;;;;;;
655;Tripura;2019;88;138;38;153;5;451;0;3991600;;;;;;;;;;;
656;Uttar Pradesh;2019;3065;11649;2410;11988;42;18304;22;224688000;;;;;;;;;;;
657;Uttarakhand;2019;526;375;57;475;10;644;3;11136400;;;;;;;;;;;
658;West Bengal;2019;1069;4249;444;3399;391;16951;97;96755200;;;;;;;;;;;
659;Andaman & Nicobar;2019;13;0;0;25;3;1;0;388200;;;;;;;;;;;
660;Chandigarh;2019;112;129;6;66;15;177;0;1177400;;;;;;;;;;;
661;Dadra and Nagar Haveli and Daman and Diu;2019;4;3;5;8;3;7;1;375048;;;;;;;;;;;
662;Delhi;2019;1253;3672;116;2355;456;3792;4;19814400;;;;;;;;;;;
663;Lakshadweep;2019;0;0;0;5;8;0;0;67200;;;;;;;;;;;
664;Puducherry;2019;10;0;0;23;0;8;0;1507200;;;;;;;;;;;
665;Andhra Pradesh;2020;1095;534;111;4886;2342;6546;48;51261631;;;;;;;;;;;
666;Arunachal Pradesh;2020;60;45;0;73;3;69;0;1518100;;;;;;;;;;;
667;Assam;2020;1657;5364;148;4642;90;11408;18;34659300;;;;;;;;;;;
668;Bihar;2020;806;6671;1046;584;6;1935;30;121175690;;;;;;;;;;;
669;Chhattisgarh;2020;1210;1341;71;1461;279;641;3;29098200;;;;;;;;;;;
670;Goa;2020;60;31;0;67;35;8;0;1549000;;;;;;;;;;;
671;Gujarat;2020;486;597;6;846;17;3345;47;68853200;;;;;;;;;;;
672;Haryana;2020;1373;2423;251;2339;183;4119;28;29069800;;;;;;;;;;;
673;Himachal Pradesh;2020;331;281;1;538;88;259;0;7341100;;;;;;;;;;;
674;Jammu & Kashmir;2020;1321;993;275;1358;6;857;2;13321300;;;;;;;;;;;
675;Jharkhand;2020;504;923;176;4751;70;2055;159;37922700;;;;;;;;;;;
676;Karnataka;2020;637;151;6;3890;442;2707;5;66270000;;;;;;;;;;;
677;Kerala;2020;2339;4782;608;5378;200;5540;14;35280700;;;;;;;;;;;
678;Madhya Pradesh;2020;2061;5254;197;9965;969;6729;85;83327100;;;;;;;;;;;
679;Maharashtra;2020;32;49;1;61;8;7;0;123230700;;;;;;;;;;;
680;Manipur;2020;67;29;1;86;16;17;0;3134100;;;;;;;;;;;
681;Meghalaya;2020;33;1;0;26;3;7;0;3255900;;;;;;;;;;;
682;Mizoram;2020;4;6;1;7;2;2;0;1204100;;;;;;;;;;;
683;Nagaland;2020;1211;3775;320;12605;615;3659;19;2170700;;;;;;;;;;;
684;Odisha;2020;502;1241;63;731;28;1271;11;43827100;;;;;;;;;;;
685;Punjab;2020;5310;4739;479;8661;85;13765;67;30079400;;;;;;;;;;;
686;Rajasthan;2020;12;11;0;18;0;1;0;78207700;;;;;;;;;;;
687;Sikkim;2020;389;633;40;892;31;689;231;670400;;;;;;;;;;;
688;Tamil Nadu;2020;764;1314;158;4907;565;7453;13;75976500;;;;;;;;;;;
689;Telangana;2020;79;110;23;115;3;356;0;37452867,4;;;;;;;;;;;
690;Tripura;2020;2769;9109;2274;9864;28;14454;25;4031300;;;;;;;;;;;
691;Uttar Pradesh;2020;487;349;65;474;43;668;8;227797500;;;;;;;;;;;
692;Uttarakhand;2020;1128;7740;522;2488;446;19962;52;11267700;;;;;;;;;;;
693;West Bengal;2020;2;1;0;15;3;2;0;97440100;;;;;;;;;;;
694;Andaman & Nicobar;2020;60;90;1;42;4;96;0;389100;;;;;;;;;;;
695;Chandigarh;2020;4;0;1;6;3;4;0;1192700;;;;;;;;;;;
696;Dadra and Nagar Haveli and Daman and Diu;2020;1240;3713;119;3584;451;2906;3;377712;;;;;;;;;;;
697;Delhi;2020;2;0;0;4;0;3;0;20192700;;;;;;;;;;;
698;Lakshadweep;2020;3;0;0;3;1;0;0;67600;;;;;;;;;;;
699;Puducherry;2020;8;0;2;25;0;9;0;1539600;;;;;;;;;;;
700;Andhra Pradesh;2021;1188;613;108;5108;2370;7092;70;52787000;;;;;;;;;;;
701;Arunachal Pradesh;2021;83;50;0;74;10;112;0;1533000;;;;;;;;;;;
702;Assam;2021;1733;5739;198;4499;184;12950;22;35043000;;;;;;;;;;;
703;Bihar;2021;786;8661;1000;387;1;2069;32;123083000;;;;;;;;;;;
704;Chhattisgarh;2021;1093;1158;65;1248;238;963;3;29493000;;;;;;;;;;;
705;Goa;2021;72;39;0;74;20;1;1;1559000;;;;;;;;;;;
706;Gujarat;2021;589;881;11;660;7;2271;38;69788000;;;;;;;;;;;
707;Haryana;2021;1716;2958;275;2882;290;5755;28;29483000;;;;;;;;;;;
708;Himachal Pradesh;2021;358;344;2;487;94;221;6;7394000;;;;;;;;;;;
709;Jammu & Kashmir;2021;1425;1159;281;1335;6;931;3;13408000;;;;;;;;;;;
710;Jharkhand;2021;555;906;158;5105;71;2336;190;38471000;;;;;;;;;;;
711;Karnataka;2021;771;179;9;4059;504;4997;5;66845000;;;;;;;;;;;
712;Kerala;2021;2947;6106;522;5760;250;7929;15;35489000;;;;;;;;;;;
713;Madhya Pradesh;2021;2496;7559;172;10568;1038;10095;95;84516000;;;;;;;;;;;
714;Maharashtra;2021;26;44;2;92;16;18;0;124437000;;;;;;;;;;;
715;Manipur;2021;75;42;0;92;24;21;3;3165000;;;;;;;;;;;
716;Meghalaya;2021;26;0;0;31;0;11;0;3288000;;;;;;;;;;;
717;Mizoram;2021;4;5;0;11;1;2;0;1216000;;;;;;;;;;;
718;Nagaland;2021;1456;5175;293;14853;838;4889;31;2192000;;;;;;;;;;;
719;Odisha;2021;464;1616;69;678;39;1714;12;44033000;;;;;;;;;;;
720;Punjab;2021;6337;5964;452;9079;73;16949;40;30339000;;;;;;;;;;;
721;Rajasthan;2021;8;1;0;17;0;3;0;79281000;;;;;;;;;;;
722;Sikkim;2021;422;638;27;1077;32;875;381;677000;;;;;;;;;;;
723;Tamil Nadu;2021;823;1934;175;4365;775;9468;12;76402000;;;;;;;;;;;
724;Telangana;2021;61;115;22;94;1;355;0;37725000;;;;;;;;;;;
725;Tripura;2021;2845;10574;2222;9393;27;18375;12;4071000;;;;;;;;;;;
726;Uttar Pradesh;2021;534;402;72;655;13;519;17;230907000;;;;;;;;;;;
727;Uttarakhand;2021;1123;7376;454;2485;424;19952;50;11399000;;;;;;;;;;;
728;West Bengal;2021;15;0;1;32;4;4;0;98125000;;;;;;;;;;;
729;Andaman & Nicobar;2021;74;120;4;37;6;95;0;400000;;;;;;;;;;;
730;Chandigarh;2021;3;23;0;7;0;6;0;1208000;;;;;;;;;;;
731;Dadra and Nagar Haveli and Daman and Diu;2021;1565;4987;157;3919;427;5232;5;383039;;;;;;;;;;;
732;Delhi;2021;2;1;0;5;1;9;0;20571000;;;;;;;;;;;
733;Lakshadweep;2021;0;0;0;1;1;3;0;68000;;;;;;;;;;;
734;Puducherry;2021;2;0;2;31;3;12;0;1572000;;;;;;;;;;;
;;;;;;;;;;;;;;;;;;;;;
